{
  "historical_volatility": 0.4009099458864486,
  "var_historical": {
    "0.95": 0.03573141113463699,
    "0.99": 0.06131389795084438
  },
  "var_parametric": {
    "0.95": 0.041071172012505305,
    "0.99": 0.05785185568556296
  },
  "cvar": {
    "0.95": 0.05460035150936115,
    "0.99": 0.0969636739977213
  },
  "max_drawdown": -0.9366446682875996,
  "max_drawdown_duration": 